SQL> select * from tab;

TNAME                          TABTYPE  CLUSTERID                               
------------------------------ ------- ----------                               
DEPT                           TABLE                                            
EMP                            TABLE                                            
BONUS                          TABLE                                            
SALGRADE                       TABLE                                            

SQL> select * from EMP;

     EMPNO ENAME      JOB              MGR HIREDATE         SAL       COMM      
---------- ---------- --------- ---------- --------- ---------- ----------      
    DEPTNO                                                                      
----------                                                                      
      7369 SMITH      CLERK           7902 17-DEC-80        800                 
        20                                                                      
                                                                                
      7499 ALLEN      SALESMAN        7698 20-FEB-81       1600        300      
        30                                                                      
                                                                                
      7521 WARD       SALESMAN        7698 22-FEB-81       1250        500      
        30                                                                      
                                                                                

     EMPNO ENAME      JOB              MGR HIREDATE         SAL       COMM      
---------- ---------- --------- ---------- --------- ---------- ----------      
    DEPTNO                                                                      
----------                                                                      
      7566 JONES      MANAGER         7839 02-APR-81       2975                 
        20                                                                      
                                                                                
      7654 MARTIN     SALESMAN        7698 28-SEP-81       1250       1400      
        30                                                                      
                                                                                
      7698 BLAKE      MANAGER         7839 01-MAY-81       2850                 
        30                                                                      
                                                                                

     EMPNO ENAME      JOB              MGR HIREDATE         SAL       COMM      
---------- ---------- --------- ---------- --------- ---------- ----------      
    DEPTNO                                                                      
----------                                                                      
      7782 CLARK      MANAGER         7839 09-JUN-81       2450                 
        10                                                                      
                                                                                
      7788 SCOTT      ANALYST         7566 19-APR-87       3000                 
        20                                                                      
                                                                                
      7839 KING       PRESIDENT            17-NOV-81       5000                 
        10                                                                      
                                                                                

     EMPNO ENAME      JOB              MGR HIREDATE         SAL       COMM      
---------- ---------- --------- ---------- --------- ---------- ----------      
    DEPTNO                                                                      
----------                                                                      
      7844 TURNER     SALESMAN        7698 08-SEP-81       1500          0      
        30                                                                      
                                                                                
      7876 ADAMS      CLERK           7788 23-MAY-87       1100                 
        20                                                                      
                                                                                
      7900 JAMES      CLERK           7698 03-DEC-81        950                 
        30                                                                      
                                                                                

     EMPNO ENAME      JOB              MGR HIREDATE         SAL       COMM      
---------- ---------- --------- ---------- --------- ---------- ----------      
    DEPTNO                                                                      
----------                                                                      
      7902 FORD       ANALYST         7566 03-DEC-81       3000                 
        20                                                                      
                                                                                
      7934 MILLER     CLERK           7782 23-JAN-82       1300                 
        10                                                                      
                                                                                

14 rows selected.

SQL> set pages 100 lines 100
SQL> /

     EMPNO ENAME      JOB              MGR HIREDATE         SAL       COMM     DEPTNO               
---------- ---------- --------- ---------- --------- ---------- ---------- ----------               
      7369 SMITH      CLERK           7902 17-DEC-80        800                    20               
      7499 ALLEN      SALESMAN        7698 20-FEB-81       1600        300         30               
      7521 WARD       SALESMAN        7698 22-FEB-81       1250        500         30               
      7566 JONES      MANAGER         7839 02-APR-81       2975                    20               
      7654 MARTIN     SALESMAN        7698 28-SEP-81       1250       1400         30               
      7698 BLAKE      MANAGER         7839 01-MAY-81       2850                    30               
      7782 CLARK      MANAGER         7839 09-JUN-81       2450                    10               
      7788 SCOTT      ANALYST         7566 19-APR-87       3000                    20               
      7839 KING       PRESIDENT            17-NOV-81       5000                    10               
      7844 TURNER     SALESMAN        7698 08-SEP-81       1500          0         30               
      7876 ADAMS      CLERK           7788 23-MAY-87       1100                    20               
      7900 JAMES      CLERK           7698 03-DEC-81        950                    30               
      7902 FORD       ANALYST         7566 03-DEC-81       3000                    20               
      7934 MILLER     CLERK           7782 23-JAN-82       1300                    10               

14 rows selected.

SQL> select ENAME , SAL/2 FROM EMP;

ENAME           SAL/2                                                                               
---------- ----------                                                                               
SMITH             400                                                                               
ALLEN             800                                                                               
WARD              625                                                                               
JONES          1487.5                                                                               
MARTIN            625                                                                               
BLAKE            1425                                                                               
CLARK            1225                                                                               
SCOTT            1500                                                                               
KING             2500                                                                               
TURNER            750                                                                               
ADAMS             550                                                                               
JAMES             475                                                                               
FORD             1500                                                                               
MILLER            650                                                                               

14 rows selected.

SQL> select ENAME,sal+50 from EMP;

ENAME          SAL+50                                                                               
---------- ----------                                                                               
SMITH             850                                                                               
ALLEN            1650                                                                               
WARD             1300                                                                               
JONES            3025                                                                               
MARTIN           1300                                                                               
BLAKE            2900                                                                               
CLARK            2500                                                                               
SCOTT            3050                                                                               
KING             5050                                                                               
TURNER           1550                                                                               
ADAMS            1150                                                                               
JAMES            1000                                                                               
FORD             3050                                                                               
MILLER           1350                                                                               

14 rows selected.

SQL> select ENAME,sal*12-sal*0.1 from EMP;

ENAME      SAL*12-SAL*0.1                                                                           
---------- --------------                                                                           
SMITH                9520                                                                           
ALLEN               19040                                                                           
WARD                14875                                                                           
JONES             35402.5                                                                           
MARTIN              14875                                                                           
BLAKE               33915                                                                           
CLARK               29155                                                                           
SCOTT               35700                                                                           
KING                59500                                                                           
TURNER              17850                                                                           
ADAMS               13090                                                                           
JAMES               11305                                                                           
FORD                35700                                                                           
MILLER              15470                                                                           

14 rows selected.

SQL> ed
Wrote file afiedt.buf

  1* select ENAME,(sal*12)-(sal*0.1) from EMP
  2  
SQL> /

ENAME      (SAL*12)-(SAL*0.1)                                                                       
---------- ------------------                                                                       
SMITH                    9520                                                                       
ALLEN                   19040                                                                       
WARD                    14875                                                                       
JONES                 35402.5                                                                       
MARTIN                  14875                                                                       
BLAKE                   33915                                                                       
CLARK                   29155                                                                       
SCOTT                   35700                                                                       
KING                    59500                                                                       
TURNER                  17850                                                                       
ADAMS                   13090                                                                       
JAMES                   11305                                                                       
FORD                    35700                                                                       
MILLER                  15470                                                                       

14 rows selected.

SQL> ed
Wrote file afiedt.buf

  1* select ENAME,(sal*12)-(sal*10/100) from EMP
SQL> 
SQL> /

ENAME      (SAL*12)-(SAL*10/100)                                                                    
---------- ---------------------                                                                    
SMITH                       9520                                                                    
ALLEN                      19040                                                                    
WARD                       14875                                                                    
JONES                    35402.5                                                                    
MARTIN                     14875                                                                    
BLAKE                      33915                                                                    
CLARK                      29155                                                                    
SCOTT                      35700                                                                    
KING                       59500                                                                    
TURNER                     17850                                                                    
ADAMS                      13090                                                                    
JAMES                      11305                                                                    
FORD                       35700                                                                    
MILLER                     15470                                                                    

14 rows selected.

SQL> select ENAME, SAL+COMM FROM EMP;

ENAME        SAL+COMM                                                                               
---------- ----------                                                                               
SMITH                                                                                               
ALLEN            1900                                                                               
WARD             1750                                                                               
JONES                                                                                               
MARTIN           2650                                                                               
BLAKE                                                                                               
CLARK                                                                                               
SCOTT                                                                                               
KING                                                                                                
TURNER           1500                                                                               
ADAMS                                                                                               
JAMES                                                                                               
FORD                                                                                                
MILLER                                                                                              

14 rows selected.

SQL> SELECT ENAME,SAL*12 FROM EMP;

ENAME          SAL*12                                                                               
---------- ----------                                                                               
SMITH            9600                                                                               
ALLEN           19200                                                                               
WARD            15000                                                                               
JONES           35700                                                                               
MARTIN          15000                                                                               
BLAKE           34200                                                                               
CLARK           29400                                                                               
SCOTT           36000                                                                               
KING            60000                                                                               
TURNER          18000                                                                               
ADAMS           13200                                                                               
JAMES           11400                                                                               
FORD            36000                                                                               
MILLER          15600                                                                               

14 rows selected.

SQL> SELECT ENAME,JOB,SAL-100 FROM EMP;

ENAME      JOB          SAL-100                                                                     
---------- --------- ----------                                                                     
SMITH      CLERK            700                                                                     
ALLEN      SALESMAN        1500                                                                     
WARD       SALESMAN        1150                                                                     
JONES      MANAGER         2875                                                                     
MARTIN     SALESMAN        1150                                                                     
BLAKE      MANAGER         2750                                                                     
CLARK      MANAGER         2350                                                                     
SCOTT      ANALYST         2900                                                                     
KING       PRESIDENT       4900                                                                     
TURNER     SALESMAN        1400                                                                     
ADAMS      CLERK           1000                                                                     
JAMES      CLERK            850                                                                     
FORD       ANALYST         2900                                                                     
MILLER     CLERK           1200                                                                     

14 rows selected.

SQL> spool off
